CBOE data is compiled for the convenience of site visitors and is furnished without responsibility for accuracy and is accepted by the site visitor on the condition that transmission or omissions shall not be made the basis for any claim demand or cause for action.  Your use of CBOE data is subject to the Terms and Conditions of CBOE's Websites.,,,,
Date,Open,High,Low,Close
6/1/2010,50.21,51.19,48.79,51.18
6/2/2010,50.88,52.49,46.67,46.68
6/3/2010,46.69,46.86,45.27,45.58
6/4/2010,47.84,51.35,46.31,51.06
6/7/2010,50.27,53.38,50.27,53.08
6/8/2010,53.38,56.58,53.3,53.75
6/9/2010,52.45,54.24,51.32,53.42
6/10/2010,51.95,51.95,49.59,49.71
6/11/2010,51.17,56.19,47.96,47.96
6/14/2010,47.68,48,46.37,47.65
6/15/2010,48.89,48.95,44.95,45.09
6/16/2010,45.87,45.87,42.96,43.06
6/17/2010,42.97,43.65,41.88,41.99
6/18/2010,42.37,42.42,39.62,39.65
6/21/2010,39.02,42.29,38.47,41.7
6/22/2010,43.03,43.29,41.47,43.05
6/23/2010,44.74,45.87,43.71,43.91
6/24/2010,44.82,47.29,44.79,47.19
6/25/2010,47.5,48,45.91,46.76
6/28/2010,50.65,50.65,48.15,48.39
6/29/2010,49.78,57.63,49.77,57.27
6/30/2010,57.65,57.66,54.62,56.74
7/1/2010,57.93,60.28,56.08,56.55
7/2/2010,56.21,56.67,54.29,54.65
7/6/2010,55.64,56.38,54.46,55.85
7/7/2010,55.82,55.85,52.85,52.85
7/8/2010,51.46,54.49,51.3,52.76
7/9/2010,52.65,53.76,51.67,51.71
7/12/2010,54.87,55.33,52.28,52.34
7/13/2010,51.05,52.75,50.94,51.65
7/14/2010,52.65,53.23,51.17,51.81
7/15/2010,53.89,54.4,50.1,50.19
7/16/2010,51.17,51.76,49.87,50.13
7/19/2010,52.22,52.22,48.48,48.67
7/20/2010,48.4,50.14,46.85,46.88
7/21/2010,47.08,48.81,46.59,48.7
7/22/2010,48.42,48.67,46.28,48.44
7/23/2010,46.3,46.3,39.81,40.4
7/26/2010,42,43.01,40.53,41.3
7/27/2010,41.3,42.56,39.49,40.22
7/28/2010,40.26,41.45,39.68,39.68
7/29/2010,39.4,40.07,38.33,38.71
7/30/2010,39.72,39.72,37.49,37.58
8/2/2010,38.37,38.8,37.66,37.75
8/3/2010,37.36,37.55,36.38,36.42
8/4/2010,36.35,38.97,35.99,38.92
8/5/2010,39.2,39.2,37.97,37.99
8/6/2010,38.37,39.05,37.63,37.67
8/9/2010,38.57,38.57,36.78,36.78
8/10/2010,37.03,37.84,36.82,37.3
8/11/2010,38.64,40.81,38.64,39.62
8/12/2010,41.13,41.13,39.35,40.07
8/13/2010,40.03,41.6,39.5,41.34
8/16/2010,42.88,42.93,39.2,39.28
8/17/2010,39.1,39.24,37.67,37.76
8/18/2010,38,38.9,37.82,38.34
8/19/2010,38.23,39.4,38.04,38.48
8/20/2010,39.03,39.67,38.43,38.48
8/23/2010,39.96,40.04,38.88,39.88
8/24/2010,41.43,42.67,39.87,40.31
8/25/2010,40.77,41.55,40.33,40.69
8/26/2010,40.54,41.38,40.21,41.28
8/27/2010,40.73,43,40.02,40.04
8/30/2010,41.92,42.34,41.15,42.33
8/31/2010,42.74,43.58,42.55,43.25
9/1/2010,42.7,42.72,40.79,41.4
9/2/2010,41.25,42.02,40.38,40.45
9/3/2010,39.59,39.61,38.54,38.78
9/7/2010,40.67,42.01,40.67,41.46
9/8/2010,41.86,42.24,40.98,42.01
9/9/2010,41.28,42.88,40.98,42.03
9/10/2010,41.88,43.56,40.54,40.57
9/13/2010,41,41.94,39.64,39.99
9/14/2010,41.06,41.75,39.24,40.09
9/15/2010,40.41,41.21,39,39.16
9/16/2010,39.46,40.15,39.17,40.09
9/17/2010,39.81,40.68,38.24,38.48
9/20/2010,41.4,42.03,38.89,40.86
9/21/2010,41.46,42.2,40.99,41.96
9/22/2010,42.7,43.35,42.31,42.72
9/23/2010,43.06,44.03,42.6,43.86
9/24/2010,42.93,45.97,42.86,45.85
9/27/2010,47.79,48.59,46.79,47.73
9/28/2010,48.24,50.3,48.21,48.83
9/29/2010,49.26,49.51,47.63,47.8
9/30/2010,47.82,49.32,47.64,47.86
10/1/2010,48.34,49.5,47,47.08
10/4/2010,49.09,49.09,48.12,48.22
10/5/2010,48,48.83,47.82,48.51
10/6/2010,48.91,49.42,48.21,48.28
10/7/2010,48.16,49.24,48.02,48.44
10/8/2010,49.1,49.67,46.56,46.59
10/11/2010,49.82,50.14,47.98,48.86
10/12/2010,49.87,49.87,47.91,48.03
10/13/2010,48.96,48.96,47.66,47.92
10/14/2010,48.41,49.21,48,49.17
10/15/2010,48.26,51.05,48.08,50.76
10/18/2010,51.97,51.97,49.69,49.78
10/19/2010,50.06,50.26,49.2,49.41
10/20/2010,49.05,49.64,48.71,49.27
10/21/2010,48.93,53,48.93,50.17
10/22/2010,40.22,40.29,38,38.54
10/25/2010,38.85,40.09,37.86,37.89
10/26/2010,38.13,38.32,36.88,37.91
10/27/2010,38.33,38.5,37.34,37.34
10/28/2010,37.36,37.46,36.74,37.03
10/29/2010,37.24,37.69,36.86,37.14
11/1/2010,41.94,42.05,37.78,38.54
11/2/2010,40.16,40.16,37.4,37.66
11/3/2010,37.59,38.39,37.06,37.33
11/4/2010,36.69,37.3,35.59,37.14
11/5/2010,36.64,37.7,35.89,37.7
11/8/2010,38.5,38.93,37.36,37.38
11/9/2010,37.31,37.73,36.45,36.46
11/10/2010,36.02,36.52,34.93,35.43
11/11/2010,35.77,37.32,35.77,36.41
11/12/2010,36.43,39.39,36.04,39.12
11/15/2010,39.87,40.18,37.78,39.23
11/16/2010,39.09,40.29,38.65,39.89
11/17/2010,39.74,39.75,38.32,38.51
11/18/2010,37.76,37.76,35.29,35.54
11/19/2010,35.75,36.2,34.79,34.9
11/22/2010,36.22,36.24,34.8,34.82
11/23/2010,35.98,37.76,35.6,37.27
11/24/2010,36.21,38.62,36.19,38.4
11/26/2010,38.75,40.47,38.75,40.37
11/29/2010,40.9,43.28,40.29,40.3
11/30/2010,41.65,42.06,41.12,41.57
12/1/2010,40.37,40.53,39.29,39.45
12/2/2010,39.51,39.71,37.86,38.09
12/3/2010,37.96,38.14,36.3,36.47
12/6/2010,37.36,38.26,36.35,36.7
12/7/2010,36.22,36.92,35.82,36.47
12/8/2010,35.82,36.66,35.42,35.42
12/9/2010,35.18,36.12,34.99,35.04
12/10/2010,34.83,35.33,34.6,34.68
12/13/2010,36.95,36.97,32.75,32.81
12/14/2010,33.04,33.57,32.75,33.08
12/15/2010,33.15,33.4,32.02,33.15
12/16/2010,33.8,33.8,31.39,31.7
12/17/2010,32.25,32.25,30.61,30.65
12/20/2010,31.79,31.95,29.77,30.14
12/21/2010,30.62,30.99,29.62,30.34
12/22/2010,30.6,30.65,29.59,29.9
12/23/2010,30.3,31.36,30.03,30.26
12/27/2010,34.6,34.77,33.93,34.44
12/28/2010,34.67,34.83,34.43,34.43
12/29/2010,34.73,35.1,34.4,34.77
12/30/2010,35.17,35.81,35.06,35.73
12/31/2010,36.23,36.74,36.05,36.71
1/3/2011,38.46,38.53,37.76,37.87
1/4/2011,37.5,38.32,37.48,37.66
1/5/2011,38.18,38.8,37.94,38.03
1/6/2011,38.45,39.03,38.34,38.41
1/7/2011,38.46,39.38,37.17,37.29
1/10/2011,39.14,39.34,38.4,38.45
1/11/2011,38.45,38.45,37.52,37.56
1/12/2011,37.63,37.79,36.91,36.95
1/13/2011,37.27,37.3,36.63,36.81
1/14/2011,37.18,37.18,36.09,36.18
1/18/2011,38.35,38.43,37.73,37.77
1/19/2011,37.88,38.85,37.74,38.83
1/20/2011,39.34,40.52,39.34,39.44
1/21/2011,39.23,41.23,39.06,41.23
1/24/2011,41.79,46.87,41.79,42.98
1/25/2011,43,44.37,42.95,43.67
1/26/2011,43.24,43.78,43,43.41
1/27/2011,42.86,44.02,40.99,42.47
1/28/2011,36.5,36.5,33,34.2
1/31/2011,35.21,36.06,34.02,34.06
2/1/2011,33.63,33.63,31.62,31.66
2/2/2011,31.68,31.77,30.56,30.6
2/3/2011,30.8,30.98,30.34,30.97
2/4/2011,30.86,30.86,29.65,30.39
2/7/2011,31.58,31.68,30.3,30.37
2/8/2011,30.43,30.43,29.48,30.14
2/9/2011,30.26,30.87,29.97,29.97
2/10/2011,30.27,30.88,29.96,30.74
2/11/2011,30.84,32.28,30.32,31.5
2/14/2011,32.38,33.27,32.38,32.69
2/15/2011,32.88,32.98,32.28,32.38
2/16/2011,32.39,32.79,31.98,32.68
2/17/2011,32.94,33.25,32.9,32.94
2/18/2011,33.18,33.39,31.34,31.35
2/22/2011,33.98,35.01,33.3,34.98
2/23/2011,35.06,37.73,35.01,35.79
2/24/2011,35.92,37.06,35.22,35.51
2/25/2011,35.04,35.04,33.52,34.03
2/28/2011,36.16,36.23,35.04,35.13
3/1/2011,35.2,36.61,34.96,36.53
3/2/2011,36.23,36.76,35.41,35.82
3/3/2011,35.1,35.18,33.63,33.91
3/4/2011,34,34.73,33.97,34.28
3/7/2011,35.38,37.25,35.07,36.38
3/8/2011,36.46,36.99,35.44,36.16
3/9/2011,36.55,37.34,36.49,36.93
3/10/2011,37.67,38.77,37.1,37.67
3/11/2011,37.93,37.93,36.51,36.67
3/14/2011,38.43,38.5,36.54,36.59
3/15/2011,39.07,39.16,36.71,37.1
3/16/2011,37.52,42.68,36.41,41.28
3/17/2011,40.23,40.81,38.02,39.16
3/18/2011,38.61,38.87,35.12,36.1
3/21/2011,38.09,38.19,33.55,34.07
3/22/2011,34.22,34.55,33.37,33.47
3/23/2011,33.82,34.11,32.43,32.78
3/24/2011,32.52,33.82,32.21,33.15
3/25/2011,33.3,33.53,32.18,32.51
3/28/2011,33.94,34.53,33.9,34.24
3/29/2011,33.96,35.14,33.96,34.42
3/30/2011,34.04,35.1,34.04,35.02
3/31/2011,35.29,35.75,35.27,35.5
4/1/2011,35.44,35.51,34.95,35.2
4/4/2011,36.57,36.67,35.83,35.88
4/5/2011,36.04,36.28,35.54,35.68
4/6/2011,35.65,36.88,35.52,36.43
4/7/2011,36.68,36.68,35.51,35.53
4/8/2011,35.59,35.64,35.11,35.17
4/11/2011,37.53,37.63,36.89,37.55
4/12/2011,37.52,38.31,37.37,38.13
4/13/2011,38.12,38.33,37.8,38.13
4/14/2011,38.07,38.36,36.49,36.67
4/15/2011,36.73,37.02,34.75,35.65
4/18/2011,37.29,38.9,36.89,36.93
4/19/2011,36.53,37.31,36.52,36.63
4/20/2011,35.82,36.89,35.48,36.38
4/21/2011,35.79,40.12,35.37,35.92
4/25/2011,37.25,38.29,37.24,38.23
4/26/2011,38.28,38.75,37.1,37.71
4/27/2011,29.12,32.21,29.09,32.06
4/28/2011,32.7,33,31.06,31.12
4/29/2011,31.61,31.74,30.05,30.05
5/2/2011,30.56,32.36,30.39,32.01
5/3/2011,32.01,32.3,31.6,31.68
5/4/2011,31.89,33.26,31.57,32.28
5/5/2011,32.59,32.59,31.54,32.15
5/6/2011,31.44,31.44,30.03,31.28
5/9/2011,31.98,32.54,31.49,32.14
5/10/2011,32.09,32.58,30.2,30.26
5/11/2011,30.19,30.92,30.12,30.35
5/12/2011,31.02,33.99,30.83,31.24
5/13/2011,31.38,33.43,30.37,30.64
5/16/2011,32.09,34.42,31.52,34.31
5/17/2011,34.58,35.45,33.19,33.29
5/18/2011,33.33,33.47,31,31.41
5/19/2011,31.35,31.51,30.63,30.66
5/20/2011,30.83,31.21,29.31,30.24
5/23/2011,32.31,33.29,32.21,32.46
5/24/2011,32.22,32.32,31.24,31.34
5/25/2011,31.32,31.39,30.38,30.38
5/26/2011,30.79,30.91,29.68,29.92
5/27/2011,29.9,29.9,28.8,29.2
5/31/2011,30.18,30.34,29.58,29.88
6/1/2011,29.86,31.11,29.63,31.09
6/2/2011,31.34,31.51,30.62,30.86
6/3/2011,31.68,34.95,31,31.98
6/6/2011,33.05,33.62,32.68,32.88
6/7/2011,33.04,33.04,31.55,32.51
6/8/2011,32.63,33.01,32.14,32.51
6/9/2011,32.61,33.25,31.52,31.96
6/10/2011,32.75,33.14,32.19,32.45
6/13/2011,32.65,32.98,31.3,31.33
6/14/2011,31.04,31.25,30.28,30.57
6/15/2011,31.29,33.97,31.08,33.32
6/16/2011,33.57,37.32,33.53,35.71
6/17/2011,35.28,35.6,34.45,35
6/20/2011,36.77,37.21,35.01,35.01
6/21/2011,35.13,35.25,32.79,33.49
6/22/2011,33.88,34.24,32.88,33.11
6/23/2011,33.88,34.87,33.38,33.47
6/24/2011,33.66,34.09,33.42,33.91
6/27/2011,35.47,36.71,35.47,36.65
6/28/2011,36.73,36.77,35.54,35.62
6/29/2011,35.86,36.56,34.97,35.07
6/30/2011,35.81,35.81,34.16,34.34
7/1/2011,34.45,35.1,32.99,33.17
7/5/2011,35.47,36.44,35.25,35.89
7/6/2011,36.35,36.44,36.04,36.07
7/7/2011,35.76,36.02,35.41,35.47
7/8/2011,36.22,36.23,35.76,35.97
7/11/2011,38.55,39.03,37.89,38.52
7/12/2011,38.94,38.95,38,38.6
7/13/2011,38.34,38.89,37.7,38.85
7/14/2011,38.87,39.2,38.4,38.42
7/15/2011,38.36,39.62,38.35,38.44
7/18/2011,40.02,40.97,39.85,39.99
7/19/2011,39.36,39.62,38.63,38.67
7/20/2011,38.54,40.25,38.54,39.51
7/21/2011,39.36,40.27,38.64,39.99
7/22/2011,39.75,41.32,39.41,40.82
7/25/2011,41.85,43.08,41.58,43.01
7/26/2011,42.85,44.52,42.78,43.64
7/27/2011,37.13,37.13,33.07,35.2
7/28/2011,35.41,35.41,34.37,34.93
7/29/2011,35.39,36.11,35.23,35.91
8/1/2011,34.95,36.89,34.15,35.38
8/2/2011,35.59,37.14,35.03,37.12
8/3/2011,37.31,39.25,37.19,37.34
8/4/2011,38.38,44.84,38.2,44.84
8/5/2011,43.8,54.82,42.91,47.37
8/8/2011,51.25,62.18,49.66,59.21
8/9/2011,58.37,58.79,49.17,49.17
8/10/2011,51.51,59.43,51.37,58.72
8/11/2011,58.33,58.35,52.99,54.16
8/12/2011,53.03,53.13,49.53,49.59
8/15/2011,49.65,50.03,46.36,46.7
8/16/2011,47.92,49.02,45.34,45.74
8/17/2011,45.12,46.58,43.69,44.65
8/18/2011,46.98,56.91,46.98,56.05
8/19/2011,56.85,59.77,55.05,59.49
8/22/2011,57.33,61.15,57.09,60.53
8/23/2011,59.53,59.73,52.43,53.59
8/24/2011,53.53,54.94,51.27,53.43
8/25/2011,56.02,59.01,53.06,56.16
8/26/2011,56.78,64.23,50.78,50.78
8/29/2011,50.16,50.59,48.84,48.84
8/30/2011,49.21,49.71,47.64,48.35
8/31/2011,47.74,48.49,46.66,47.65
9/1/2011,47.59,47.95,45.57,46.6
9/2/2011,47.96,49.49,47.87,48.86
9/6/2011,53.76,54.42,51.9,51.99
9/7/2011,51.43,51.46,48.84,48.84
9/8/2011,49.4,49.66,48.4,49.18
9/9/2011,49.93,53.92,49.82,52.86
9/12/2011,54.42,55.34,52.78,52.89
9/13/2011,52.46,52.7,48.78,48.9
9/14/2011,49,49.57,45.98,46.37
9/15/2011,45.52,46.77,44.54,44.9
9/16/2011,44.67,45.28,43.96,44.6
9/19/2011,55.31,55.38,47.85,48.91
9/20/2011,49.76,50.04,47.26,48.43
9/21/2011,48.35,57.65,48.25,50.81
9/22/2011,54.78,59.2,54.78,57.68
9/23/2011,58.95,59,56.71,57.81
9/26/2011,58.96,60.95,57.59,57.6
9/27/2011,56.49,58.39,55.48,57.98
9/28/2011,57.64,58.51,56.34,58.21
9/29/2011,57.2,62.9,55.76,60.14
9/30/2011,62.18,66.28,59.55,61.89
10/3/2011,63.98,68.45,59.71,66.06
10/4/2011,66.97,69.67,63.02,63.02
10/5/2011,65.1,65.1,58.58,58.74
10/6/2011,59.31,60.52,57.56,57.77
10/7/2011,57.86,57.94,54.16,55.03
10/10/2011,56.07,56.18,52.91,53.86
10/11/2011,54.58,54.94,52.94,53.09
10/12/2011,52.78,52.93,51.58,52.6
10/13/2011,53.15,53.36,51.99,52.26
10/14/2011,50.82,51.71,50.31,51.36
10/17/2011,54.63,55.6,54.53,55.39
10/18/2011,55.58,56.06,52.37,52.66
10/19/2011,53.3,55.02,52.89,54.28
10/20/2011,54.64,56.5,54.15,54.49
10/21/2011,53.57,53.86,52.33,52.33
10/24/2011,52.34,52.6,49.75,50.37
10/25/2011,50.15,58.92,50.15,58.69
10/26/2011,50.83,50.83,46.38,47.22
10/27/2011,44.47,45.24,41.41,42
10/28/2011,41.53,41.82,39.96,40.43
10/31/2011,41.84,43.17,41.21,42.74
11/1/2011,46.08,48.64,45.55,47.61
11/2/2011,46.41,49.15,45.18,45.22
11/3/2011,45.33,45.54,42.7,42.7
11/4/2011,42.78,44,42.13,42.33
11/7/2011,43.78,44.49,42.64,42.72
11/8/2011,42.21,42.21,40.29,40.36
11/9/2011,41.92,48.05,41.91,47.52
11/10/2011,46.12,48.1,44.8,44.82
11/11/2011,43.83,44.14,41.62,41.62
11/14/2011,43.34,43.54,41.94,41.94
11/15/2011,42.18,43.39,41.41,41.52
11/16/2011,41.99,43.61,41.99,43.61
11/17/2011,43.63,50.63,43.63,48.79
11/18/2011,48.3,49.45,47.63,48.85
11/21/2011,52.53,55.07,50.57,50.92
11/22/2011,51.69,52.19,48.43,49.19
11/23/2011,49.04,52.66,48.93,51.41
11/25/2011,52.15,53.71,50.36,50.37
11/28/2011,52.52,52.67,50.38,50.54
11/29/2011,50.57,51.27,48.7,50.03
11/30/2011,48.22,48.94,47.38,47.46
12/1/2011,47.66,59.33,46.24,46.36
12/2/2011,47.17,47.17,44.2,44.33
12/5/2011,45.25,45.9,44.52,44.6
12/6/2011,44.48,45.32,44.13,44.56
12/7/2011,45.07,46.69,44.68,46.13
12/8/2011,47.31,48.03,46.04,46.57
12/9/2011,45.72,46.17,42.33,42.64
12/12/2011,43.86,45.64,42,42
12/13/2011,42.24,46.45,41,44.89
12/14/2011,45.62,51.68,45,46.74
12/15/2011,45.41,46.5,44.51,45.88
12/16/2011,45.33,45.42,41.87,41.92
12/19/2011,43.26,43.26,39.92,41.7
12/20/2011,40.76,40.95,38.53,39.26
12/21/2011,39.52,41.99,39.23,41.12
12/22/2011,41.74,41.9,38.93,39
12/23/2011,39.35,40.48,39.35,39.43
12/27/2011,42.99,43.01,41.9,42.84
12/28/2011,42.95,44.58,42.84,44.31
12/29/2011,46.36,47.34,45.14,45.17
12/30/2011,45.76,45.81,45.07,45.12
1/3/2012,47.21,47.21,45.88,46.12
1/4/2012,46.11,46.77,45.32,45.94
1/5/2012,46.7,47.34,44.68,44.7
1/6/2012,44.77,45.91,44.31,44.6
1/9/2012,46.32,47.48,46.19,46.4
1/10/2012,46.47,46.49,45.03,45.5
1/11/2012,45.81,45.97,45.16,45.86
1/12/2012,46.18,46.91,45.47,46.05
1/13/2012,46.42,47.49,46.28,46.91
1/17/2012,49.75,49.75,48.34,48.46
1/18/2012,48.68,48.82,47.43,47.61
1/19/2012,47.41,47.6,45.55,45.6
1/20/2012,45.96,46,43.29,43.67
1/23/2012,44.16,44.2,42.92,43.27
1/24/2012,43.47,43.95,42.99,43.09
1/25/2012,42.93,43.17,42.43,42.72
1/26/2012,42.51,44.24,42.12,43.56
1/27/2012,43.4,45.35,43.38,45.1
1/30/2012,46.53,50.89,46.53,50.75
1/31/2012,50.56,54.67,50.45,54.47
2/1/2012,37.8,37.8,34.54,34.86
2/2/2012,34.81,35.27,34.13,34.26
2/3/2012,33.55,33.64,32.38,32.71
2/6/2012,33.81,34.46,33.01,33.35
2/7/2012,33.36,33.63,32.38,32.65
2/8/2012,32.65,32.88,32.17,32.31
2/9/2012,33.14,34.12,33,33.52
2/10/2012,33.83,35.7,33.75,34.93
2/13/2012,35.18,35.59,33.63,34.17
2/14/2012,34.53,38.09,31.07,33.98
2/15/2012,34.41,38.27,33.73,36.93
2/16/2012,39.04,39.09,37.17,37.92
2/17/2012,37.86,37.87,35.69,35.71
2/21/2012,36.73,36.84,35.31,35.41
2/22/2012,35.67,35.78,34.04,34.08
2/23/2012,34.5,34.89,34.11,34.26
2/24/2012,34.03,34.03,31.89,32.4
2/27/2012,34.24,34.52,33.16,33.45
2/28/2012,33.88,33.94,32.86,33.82
2/29/2012,33.87,34.16,32.81,34.06
3/1/2012,33.75,34.31,33.73,33.96
3/2/2012,34.1,34.24,33.56,33.86
3/5/2012,35.13,36.01,34.75,35.01
3/6/2012,35.84,37.88,35.84,36.92
3/7/2012,36.64,36.67,34.77,34.79
3/8/2012,34.27,34.31,33.49,33.88
3/9/2012,33.17,33.44,32.13,32.28
3/12/2012,30.75,30.97,27.78,27.85
3/13/2012,27.61,28.1,26.85,27.12
3/14/2012,27.55,27.98,27.25,27.58
3/15/2012,27.56,30.73,27.54,30.34
3/16/2012,30.26,30.64,28.11,28.46
3/19/2012,30.03,30.22,27.62,28.27
3/20/2012,29.16,32.46,29.07,30.77
3/21/2012,30.91,31.64,30.59,30.66
3/22/2012,31.13,32.4,31.13,32.08
3/23/2012,32.6,33.99,32.45,32.59
3/26/2012,34.92,35.52,34.43,34.74
3/27/2012,35.21,37.23,35.21,36.44
3/28/2012,36.74,38,36.74,37.57
3/29/2012,37.77,39.36,37.77,38.92
3/30/2012,39.11,39.65,37.8,37.8
4/2/2012,40.17,40.37,38.3,38.47
4/3/2012,38.8,39.95,38.45,38.63
4/4/2012,39.13,39.79,38.91,39.16
4/5/2012,39.06,39.27,38.16,38.19
4/9/2012,41.19,42.44,41.14,41.57
4/10/2012,41.77,44.7,41.68,44.33
4/11/2012,43.74,43.74,42.42,42.84
4/12/2012,43.06,44.08,42.53,42.93
4/13/2012,43.39,44.03,42.06,42.73
4/16/2012,44.61,46.17,44.06,44.6
4/17/2012,43.85,45.55,43.8,44.07
4/18/2012,43.95,45.68,43.79,44.08
4/19/2012,43.93,44.36,42.99,43.75
4/20/2012,43.53,43.79,41.91,42.49
4/23/2012,43,45.71,42.91,44.52
4/24/2012,44.32,44.32,41.95,42.62
4/25/2012,42.11,43.5,40.91,43.27
4/26/2012,43.03,47.28,43.03,46.93
4/27/2012,33.99,34.86,32.11,34.28
4/30/2012,34.95,37.59,34.91,36.42
5/1/2012,36.8,37.1,34.92,35.19
5/2/2012,35.41,36.09,34.77,34.96
5/3/2012,35.07,35.26,34.26,34.72
5/4/2012,35.03,36.29,34.69,34.79
5/7/2012,35.98,36.43,35.01,35.76
5/8/2012,36.44,37.93,35.97,36.38
5/9/2012,37.92,39.34,37.46,37.73
5/10/2012,37.24,37.78,35.52,36.85
5/11/2012,36.48,36.7,35.62,36.36
5/14/2012,38.19,39.52,37.7,38.78
5/15/2012,37.29,39.57,37.29,38.73
5/16/2012,38.56,45.04,31.31,40.87
5/17/2012,40.04,43.83,39.97,43.82
5/18/2012,43.67,45.21,42.53,45.01
5/21/2012,45.92,46.76,40.33,40.42
5/22/2012,41.02,41.63,39.93,41.13
5/23/2012,41.84,43.77,40.09,40.15
5/24/2012,40.24,41.62,39.72,40.54
5/25/2012,40.76,40.76,38.61,38.82
5/29/2012,40.35,40.72,39.14,39.19
5/30/2012,40.27,41.02,40.09,40.89
5/31/2012,41.05,42.33,40.3,40.5
6/1/2012,42.28,43.65,41.79,43.32
6/4/2012,44.41,44.55,42.89,42.91
6/5/2012,43.32,43.34,40.71,40.83
6/6/2012,40.16,40.17,38.27,38.28
6/7/2012,37.43,37.65,36.58,37.06
6/8/2012,37.29,37.53,35.93,35.99
6/11/2012,34.91,35.8,34.53,35.77
6/12/2012,35.7,36.05,34.75,35.16
6/13/2012,35.23,36.13,34.57,35.83
6/14/2012,36.03,36.31,34.51,35.06
6/15/2012,34.96,35.78,34.14,34.51
6/18/2012,35.39,35.48,30.4,31.05
6/19/2012,31.31,31.31,28.05,30.57
6/20/2012,30.65,31.88,29.79,30.64
6/21/2012,30.79,32.02,30.23,31.53
6/22/2012,31.85,31.88,30.65,30.71
6/25/2012,34.65,34.9,34.13,34.13
6/26/2012,34.5,35.96,34.27,35.95
6/27/2012,36.57,36.99,36.32,36.66
6/28/2012,37.64,37.84,36.93,36.95
6/29/2012,36.33,36.6,35.98,36.29
7/2/2012,38.47,38.68,37.54,37.54
7/3/2012,37.76,37.94,32.84,33.04
7/5/2012,38.07,38.36,37.49,38.02
7/6/2012,38.29,39,37.92,37.92
7/9/2012,39.76,40.7,39.67,39.92
7/10/2012,39.99,42.49,39.88,42.19
7/11/2012,42.6,42.94,42.04,42.11
7/12/2012,42.65,43.63,42.05,42.2
7/13/2012,42.11,42.32,41.07,41.26
7/16/2012,43.67,43.91,43.07,43.07
7/17/2012,42.84,43.4,42.1,42.21
7/18/2012,42.2,42.28,41.59,41.81
7/19/2012,41.35,44.25,41.32,44.19
7/20/2012,44.17,46.75,44.17,46.73
7/23/2012,48.79,49.65,46.9,47.07
7/24/2012,47.03,47.76,46.79,47.4
7/25/2012,47.29,48.53,46.66,48.45
7/26/2012,47.99,51.19,47.99,51.19
7/27/2012,32.45,35.55,31.35,35.16
7/30/2012,36.21,36.52,33.82,33.84
7/31/2012,34.16,35.99,34.11,34.43
8/1/2012,34.4,34.58,33.24,33.51
8/2/2012,33.62,33.79,32.27,32.5
8/3/2012,31.67,31.81,30.78,30.78
8/6/2012,32.1,32.22,30.97,31.26
8/7/2012,31.37,31.37,30.4,30.49
8/8/2012,30.77,31,30.03,30.05
8/9/2012,30.26,30.51,29.36,29.37
8/10/2012,29.48,29.72,27.25,27.28
8/13/2012,26.54,27.34,26.15,26.15
8/14/2012,25.99,27.04,25.9,26.57
8/15/2012,26.7,27.05,26.04,26.73
8/16/2012,27.06,28.67,26.79,28.56
8/17/2012,28.56,28.72,26.24,26.24
8/20/2012,27.63,27.96,26.08,26.27
8/21/2012,26.25,28.37,26.25,28.33
8/22/2012,28.46,30.13,28.45,29.57
8/23/2012,30.15,30.3,29.46,29.77
8/24/2012,30,30.25,29.53,29.96
8/27/2012,31.25,31.72,30.82,30.82
8/28/2012,30.88,31.14,30.22,30.51
8/29/2012,30.61,30.68,30.07,30.2
8/30/2012,30.29,31.94,30.22,31.74
8/31/2012,31.55,32.07,30.94,31.03
9/4/2012,32.57,33.83,32.54,33.38
9/5/2012,33.38,33.64,32.51,32.53
9/6/2012,31.93,32.34,30.33,32.15
9/7/2012,31.67,32.34,30.74,30.88
9/10/2012,31.87,32.04,30.64,31.2
9/11/2012,31.4,31.82,31.25,31.52
9/12/2012,31.33,31.82,31.17,31.18
9/13/2012,31.24,31.84,29.3,29.34
9/14/2012,29.05,29.82,28.99,29.54
9/17/2012,29.96,30.03,29.14,29.18
9/18/2012,29.54,29.58,28.43,28.56
9/19/2012,28.66,28.96,27.44,28.01
9/20/2012,28.47,28.67,28.02,28.18
9/21/2012,28.25,28.52,26.9,27.05
9/24/2012,30.31,31.09,30.31,30.74
9/25/2012,31.08,32.21,31.02,32.17
9/26/2012,32.62,33.96,32.61,33.29
9/27/2012,33.47,33.99,33.29,33.44
9/28/2012,34.18,34.51,33.83,33.91
10/1/2012,35.93,35.97,33.17,35.52
10/2/2012,35.8,36.12,35.49,35.51
10/3/2012,35.67,36.02,35.16,35.74
10/4/2012,36.06,36.33,35.94,36.02
10/5/2012,35.9,36.12,35.61,35.86
10/8/2012,37.81,38.15,37.71,38.05
10/9/2012,38.34,40.75,38.26,40.72
10/10/2012,40.98,41.87,40.72,41.42
10/11/2012,41.25,42.46,41.2,41.52
10/12/2012,42.42,42.57,41.75,41.78
10/15/2012,44.21,44.61,43.06,43.37
10/16/2012,43.39,43.79,42.67,42.79
10/17/2012,42.91,43.52,42.64,42.9
10/18/2012,42.97,45.41,42.91,44.62
10/19/2012,44.45,46.45,43.77,45.7
10/22/2012,46.21,47.86,46.21,47.56
10/23/2012,48.01,49.43,47.86,49.01
10/24/2012,49,49.45,48.09,48.88
10/25/2012,48.79,52.42,48.16,52.42
10/26/2012,34.21,34.66,32.85,33.52
10/31/2012,33.61,34.19,33.1,33.27
11/1/2012,32.94,33.1,31.24,31.3
11/2/2012,31.06,31.98,30.64,31.93
11/5/2012,32.93,33.85,32.64,32.85
11/6/2012,32.68,32.79,31.84,31.98
11/7/2012,32.14,33.3,31.8,33.08
11/8/2012,32.94,33.83,32.55,33.83
11/9/2012,33.9,34.26,32.73,33.59
11/12/2012,34.26,34.29,32.22,32.28
11/13/2012,32.3,32.49,31.52,31.74
11/14/2012,31.67,32.46,31.1,32.31
11/15/2012,32.54,33.08,29.93,32.66
11/16/2012,32.6,33.38,32.49,32.51
11/19/2012,32.58,32.58,30.48,30.52
11/20/2012,30.48,30.7,30.04,30.04
11/21/2012,29.97,31.08,29.58,31.07
11/23/2012,31.21,33.35,27.26,27.55
11/26/2012,33.99,34.14,31.05,31.87
11/27/2012,31.74,32.05,30.56,30.69
11/28/2012,31.07,31.38,30.18,30.37
11/29/2012,30.17,30.58,29.82,29.92
11/30/2012,30.27,30.57,29.76,29.9
12/3/2012,30.68,34.25,30.32,30.94
12/4/2012,30.97,31.68,30.79,31.19
12/5/2012,31.24,32.3,30.73,31.42
12/6/2012,31.78,32.05,31.39,31.45
12/7/2012,31.28,31.28,30.27,30.3
12/10/2012,31.13,32.09,30.99,31.96
12/11/2012,32.01,32.7,31.18,31.27
12/12/2012,31.21,31.63,30.75,30.84
12/13/2012,30.9,31.89,30.8,31.38
12/14/2012,31.79,31.9,31.4,31.46
12/17/2012,31.9,32.08,30.97,31.05
12/18/2012,31.08,31.76,30.43,30.65
12/19/2012,30.95,31.46,30.66,31.03
12/20/2012,31.28,32.38,31.25,32.19
12/21/2012,33.4,33.66,31.62,31.65
12/24/2012,33.07,35.49,27.96,28.69
12/26/2012,36.83,38.12,36.61,37.87
12/27/2012,38.34,39.87,37.81,38.21
12/28/2012,39.09,39.31,37.65,39.09
12/31/2012,42.07,42.11,40.32,40.45
1/2/2013,40.11,40.57,38.49,38.56
1/3/2013,39.15,39.34,38.55,38.6
1/4/2013,38.85,38.86,37.51,37.57
1/7/2013,39.21,40.14,39.21,39.33
1/8/2013,39.87,40.29,39.56,39.62
1/9/2013,39.68,40.03,39.66,39.99
1/10/2013,40.11,40.36,39.69,39.7
1/11/2013,40.13,40.41,40.02,40.28
1/14/2013,42.65,43.04,41.18,41.18
1/15/2013,41.36,41.43,40.25,40.31
1/16/2013,40.4,40.43,39.52,39.57
1/17/2013,39.3,40.04,39.28,39.9
1/18/2013,39.54,39.82,37.77,37.77
1/22/2013,38.52,38.7,37.9,37.95
1/23/2013,37.75,38.5,37.75,38.29
1/24/2013,37.96,40.28,37.96,40.24
1/25/2013,40.1,42.34,39.49,42.32
1/28/2013,43.29,45.39,43.29,44.64
1/29/2013,45.32,50.13,45.27,49.93
1/30/2013,32.38,33.44,30.75,31.23
1/31/2013,31.47,32.15,30.67,32.1
2/1/2013,30.89,31.42,29.88,30.16
2/4/2013,31.29,31.61,30.71,30.93
2/5/2013,30.51,31.5,30.18,31.17
2/6/2013,31.44,31.47,30.64,30.74
2/7/2013,30.58,31.66,30.26,30.29
2/8/2013,29.87,30.81,29.59,30.12
2/11/2013,30.76,32.12,30.63,30.78
2/12/2013,30.56,30.63,29.73,29.73
2/13/2013,29.52,30.5,29.33,30.15
2/14/2013,30.24,30.67,29.5,29.64
2/15/2013,29.73,29.89,28.62,28.72
2/19/2013,29.86,29.86,28.78,29.3
2/20/2013,29.22,31.11,29.22,30.92
2/21/2013,31.2,32.29,30.94,30.94
2/22/2013,30.88,31.07,30.34,30.34
2/25/2013,30.6,34.27,30.1,34.25
2/26/2013,33.89,34.63,33.07,33.27
2/27/2013,33.41,33.44,31.51,31.88
2/28/2013,32.32,32.35,30.93,31.1
3/1/2013,31.61,32.07,30.57,30.57
3/4/2013,31.57,31.71,30.17,30.25
3/5/2013,30.14,30.55,29.72,30.06
3/6/2013,29.98,30.27,29.36,29.36
3/7/2013,29.27,29.52,28.84,28.89
3/8/2013,28.66,29.12,27.79,27.84
3/11/2013,23.2,23.59,21.18,21.4
3/12/2013,21.92,23.4,20.45,23.03
3/13/2013,23.35,23.95,22.12,22.16
3/14/2013,24.55,24.58,22.86,23.07
3/15/2013,23.68,23.94,21.57,21.57
3/18/2013,24.97,26.12,24.97,25.76
3/19/2013,26.38,28.18,26.19,27.95
3/20/2013,28.16,28.7,27.9,27.93
3/21/2013,28.5,28.54,27.6,28.07
3/22/2013,28.48,28.75,27.89,28.65
3/25/2013,30.37,30.37,29.48,29.74
3/26/2013,30.08,30.08,29.26,29.26
3/27/2013,29.87,30.73,29.57,29.76
3/28/2013,30.02,30.42,29.94,30.19
4/1/2013,32.93,33.28,32.44,32.59
4/2/2013,32.77,33.06,32.37,32.69
4/3/2013,33.3,33.52,33,33.03
4/4/2013,33.34,34.2,33.31,33.71
4/5/2013,34.66,34.87,34.25,34.32
4/8/2013,35.59,36.39,35.24,35.41
4/9/2013,35.51,35.95,35.1,35.4
4/10/2013,35.55,36.55,35.51,36.18
4/11/2013,36.28,36.91,36.27,36.46
4/12/2013,36.68,37.52,34.78,37.35
4/15/2013,39.74,41.03,39.43,40.8
4/16/2013,39.99,40.01,39.26,39.33
4/17/2013,39.61,41.34,39.6,40.98
4/18/2013,41.08,43.75,41.02,43.36
4/19/2013,43.26,43.51,41.48,41.48
4/22/2013,42.41,43.25,41.22,43.22
4/23/2013,42.89,46.12,42.31,42.94
4/24/2013,42.87,43.49,42.68,43
4/25/2013,43,43,39.74,40.05
4/26/2013,27.9,30.85,27.89,29.15
4/29/2013,29.95,31.23,29.94,30.98
4/30/2013,30.75,31.03,29.69,29.91
5/1/2013,29.99,31.54,29.99,30.78
5/2/2013,30.51,30.81,29.72,29.72
5/3/2013,29.05,29.05,27.87,27.94
5/6/2013,28.76,29.53,28.75,28.86
5/7/2013,28.73,29.19,27.81,27.81
5/8/2013,27.85,28.05,27.33,27.34
5/9/2013,27.41,27.64,26.5,26.7
5/10/2013,26.71,27.25,26.54,26.62
5/13/2013,26.8,26.87,25.93,26.48
5/14/2013,26.37,26.48,25.32,25.43
5/15/2013,25.84,27.41,25.63,27.27
5/16/2013,27.61,28.02,27.23,27.23
5/17/2013,27.16,27.42,26.57,26.58
5/20/2013,27.61,28.28,26.63,27.27
5/21/2013,27.05,27.6,26.87,26.96
5/22/2013,26.92,27.2,26.45,26.76
5/23/2013,27.23,27.85,27.01,27.04
5/24/2013,27.67,27.67,26.64,26.64
5/28/2013,27.55,28.87,27.42,27.85
5/29/2013,28.17,28.78,27.79,28.05
5/30/2013,28.05,28.3,27.5,27.56
5/31/2013,27.61,28.19,27.36,27.98
6/3/2013,28.99,29.79,28.96,28.96
6/4/2013,28.83,29.17,28.4,28.92
6/5/2013,29.03,30.68,28.85,29.8
6/6/2013,29.85,31.05,29.83,29.83
6/7/2013,29.33,29.59,24.11,29.45
6/10/2013,30.19,30.25,29.03,29.47
6/11/2013,30.15,30.15,28.64,28.66
6/12/2013,28.54,29.24,28.49,29.08
6/13/2013,29.12,29.32,28.54,28.58
6/14/2013,28.56,29.22,28.49,28.92
6/17/2013,28.06,28.68,27.87,28.25
6/18/2013,28.24,28.59,27.25,27.61
6/19/2013,28.03,28.61,27.53,27.62
6/20/2013,28.63,31.08,28.59,31.01
6/21/2013,31.04,32.26,29.94,30.43
6/24/2013,32.86,34.54,31.51,32.09
6/25/2013,32.15,32.2,30.78,31.19
6/26/2013,31.24,31.27,30.53,30.66
6/27/2013,30.87,31.36,30.71,30.99
6/28/2013,31.52,31.91,30.57,30.63
7/1/2013,32.47,33.74,32.47,33.54
7/2/2013,33.82,34.32,33.48,33.48
7/3/2013,34.02,34.35,33.54,33.54
7/5/2013,34.17,34.5,33.97,33.98
7/8/2013,35.6,35.8,34.82,35.53
7/9/2013,35.64,36,34.81,34.97
7/10/2013,35.14,35.64,34.98,35.3
7/11/2013,35.19,36.59,34.89,36.58
7/12/2013,36.74,37.76,36.58,36.86
7/15/2013,38.94,39.29,38.82,39.06
7/16/2013,39.03,39.29,38.02,38.06
7/17/2013,37.99,38.05,37.21,37.23
7/18/2013,37.47,38.16,37.1,37.35
7/19/2013,37.39,37.91,37.1,37.21
7/22/2013,37.44,38.12,36.9,37.08
7/23/2013,36.91,36.93,35.58,35.59
7/24/2013,35.18,39.12,34.95,36.1
7/25/2013,36.03,37.98,36.03,37.58
7/26/2013,28.7,28.77,25.9,26.15
7/29/2013,27.03,28.68,26.4,26.5
7/30/2013,26.2,26.65,25.57,25.97
7/31/2013,25.86,26.47,25.79,26.39
8/1/2013,26.2,26.98,26.15,26.33
8/2/2013,26.32,26.33,24.69,24.79
8/5/2013,25.4,25.95,25.33,25.33
8/6/2013,25.22,25.94,25.22,25.64
8/7/2013,25.67,26.21,25.64,25.75
8/8/2013,25.61,26.01,25.31,25.34
8/9/2013,25.29,25.53,24.93,24.93
8/12/2013,24.98,25.04,24.01,24.01
8/13/2013,24.09,25.03,23.68,23.75
8/14/2013,23.75,24.39,23.75,24.07
8/15/2013,24.56,26.56,24.56,26.43
8/16/2013,26.29,26.78,25.63,25.79
8/19/2013,26.38,26.4,25.08,25.63
8/20/2013,25.62,25.63,24.87,24.98
8/21/2013,25.4,26.08,25.27,25.87
8/22/2013,25.77,31.06,21.69,25.96
8/23/2013,25.88,26.22,25.17,25.25
8/26/2013,26.45,26.65,25.85,26.32
8/27/2013,27.01,28.09,26.12,27.94
8/28/2013,28.18,28.27,27.21,27.46
8/29/2013,27.67,27.67,26.87,27.11
8/30/2013,27.04,27.9,27.04,27.45
9/3/2013,28,28.03,27.05,27.72
9/4/2013,27.52,27.78,26.91,26.96
9/5/2013,26.79,27.23,26.74,26.75
9/6/2013,26.33,27.31,26.21,26.91
9/9/2013,27.38,27.53,26.66,26.75
9/10/2013,26.44,26.89,25.03,25.23
9/11/2013,25.22,25.35,24.52,24.72
9/12/2013,24.5,24.96,23.92,24.93
9/13/2013,24.72,25.06,24.38,24.4
9/16/2013,23.5,24.4,22.92,23.57
9/17/2013,23.56,24.79,23.31,24.55
9/18/2013,24.85,25.31,24.22,25.13
9/19/2013,25.01,25.76,24.95,25.14
9/20/2013,25.21,27.18,25.13,26.39
9/23/2013,28.46,29.04,27.96,28.6
9/24/2013,28.77,29.12,28.53,29.05
9/25/2013,29.37,29.82,29.12,29.63
9/26/2013,29.87,30.64,29.67,30.4
9/27/2013,30.8,30.99,30.51,30.56
9/30/2013,32.6,32.85,32.42,32.63
10/1/2013,32.65,33.11,32.54,32.76
10/2/2013,33.32,34.06,33.22,33.67
10/3/2013,33.98,35.43,33.73,34.65
10/4/2013,34.88,35.01,34.11,34.29
10/7/2013,36.29,37.03,36.28,37.02
10/8/2013,37.09,40.78,36.65,40.02
10/9/2013,39.88,42.16,38.68,40.76
10/10/2013,39.88,39.9,38.52,38.55
10/11/2013,38.83,39.16,37.61,37.62
10/14/2013,40.2,40.31,38.91,39.36
10/15/2013,39.25,39.55,38.61,39.36
10/16/2013,38.98,39.43,37.29,37.45
10/17/2013,37.57,37.69,35.9,35.9
10/18/2013,35.12,38.48,34.75,37.83
10/21/2013,38.91,40.13,38.11,39.01
10/22/2013,38.96,40.49,36.34,39.74
10/23/2013,39.85,42.55,39.69,42.07
10/24/2013,42.21,43.81,41.51,43.43
10/25/2013,30.71,33.39,30.45,30.87
10/28/2013,31.55,31.85,29.85,30
10/29/2013,29.24,30.17,28.96,29.61
10/30/2013,29.75,30.36,28.71,28.77
10/31/2013,29.14,29.73,28.99,29.13
11/1/2013,28.96,30.15,28.11,28.14
11/4/2013,29.02,29.68,28.3,28.46
11/5/2013,28.76,28.94,27.95,28.78
11/6/2013,28.65,29.45,28.53,28.84
11/7/2013,28.58,31.17,28.5,30.43
11/8/2013,30.22,30.55,28.01,28.01
11/11/2013,29.24,29.24,27.9,28.38
11/12/2013,28.7,28.97,27.86,28.25
11/13/2013,28.54,28.73,26.83,27.29
11/14/2013,26.93,28.6,26.79,27.78
11/15/2013, 27.94, 29.04, 25.94, 28.19
11/18/2013, 28.84, 28.84, 27.66, 28.05
11/19/2013, 28.06, 28.95, 28.06, 28.80
11/20/2013, 29.04, 29.28, 28.03, 28.31
11/21/2013, 28.77, 28.77, 26.16, 27.75
11/22/2013, 27.79, 28.12, 27.59, 27.72
11/25/2013, 28.60, 28.86, 27.74, 28.75
11/26/2013, 28.75, 29.08, 28.03, 28.03
11/27/2013, 28.04, 28.27, 27.68, 27.98
11/29/2013, 28.47, 29.24, 27.98, 28.63
12/02/2013, 29.19, 31.26, 28.31, 30.58
12/03/2013, 30.66, 30.92, 29.73, 30.01
12/04/2013, 30.03, 30.41, 29.73, 29.94
12/05/2013, 29.92, 30.79, 29.53, 29.81
12/06/2013, 29.51, 29.82, 28.32, 28.37
12/09/2013, 29.15, 29.26, 27.76, 27.82
12/10/2013, 27.84, 28.87, 27.45, 28.05
12/11/2013, 28.07, 29.49, 27.46, 29.47
12/12/2013, 29.62, 30.09, 28.98, 29.21
12/13/2013, 29.13, 30.06, 29.13, 29.61
12/16/2013, 29.49, 30.26, 28.45, 30.25
12/17/2013, 30.62, 31.52, 30.54, 31.52
12/18/2013, 31.93, 32.81, 31.09, 31.21
12/19/2013, 31.76, 31.77, 31.11, 31.64
12/20/2013, 31.64, 32.35, 31.42, 31.51
12/23/2013, 32.93, 33.13, 32.12, 32.17
12/24/2013, 32.29, 33.03, 32.27, 32.52
12/26/2013, 33.58, 33.92, 33.35, 33.35
12/27/2013, 33.54, 34.20, 33.38, 34.02
12/30/2013, 35.54, 35.57, 34.96, 35.01
12/31/2013, 35.25, 35.42, 34.80, 34.87
01/02/2014, 35.76, 36.18, 35.38, 35.38
01/03/2014, 35.63, 36.00, 35.51, 35.58
01/06/2014, 37.19, 37.33, 35.90, 35.95
01/07/2014, 36.14, 36.15, 34.28, 34.29
01/08/2014, 34.63, 35.04, 34.57, 34.86
01/09/2014, 34.86, 35.54, 34.71, 35.29
01/10/2014, 35.50, 35.58, 34.52, 34.56
01/13/2014, 38.48, 38.84, 37.46, 38.71
01/14/2014, 38.35, 38.48, 37.13, 37.55
01/15/2014, 37.67, 37.86, 36.39, 36.45
01/16/2014, 36.31, 38.65, 35.43, 38.65
01/17/2014, 37.01, 37.60, 35.53, 37.46
01/21/2014, 37.93, 38.03, 36.98, 37.62
01/22/2014, 37.59, 38.25, 36.26, 36.30
01/23/2014, 36.47, 37.50, 36.43, 36.92
01/24/2014, 37.16, 39.35, 37.16, 38.91
01/27/2014, 39.11, 40.73, 38.92, 40.20
01/28/2014, 39.65, 40.17, 39.65, 39.82
01/29/2014, 39.90, 43.01, 39.66, 42.63
01/30/2014, 42.89, 47.00, 42.83, 47.00
01/31/2014, 33.30, 33.43, 29.52, 32.17
02/03/2014, 33.60, 36.62, 31.79, 35.88
02/04/2014, 35.48, 35.52, 32.23, 32.27
02/05/2014, 32.69, 35.53, 32.40, 33.52
02/06/2014, 32.89, 32.94, 31.22, 31.61
02/07/2014, 30.49, 31.14, 30.11, 30.32
02/10/2014, 30.98, 31.22, 28.98, 29.61
02/11/2014, 29.80, 30.21, 28.37, 29.56
02/12/2014, 30.20, 32.72, 29.94, 32.02
02/13/2014, 32.40, 33.80, 29.16, 29.18
02/14/2014, 29.11, 30.00, 27.65, 28.41
02/18/2014, 29.87, 29.87, 28.11, 28.17
02/19/2014, 28.43, 29.74, 28.17, 29.48
02/20/2014, 29.22, 29.71, 28.47, 28.47
02/21/2014, 28.27, 28.27, 27.24, 27.49
02/24/2014, 28.14, 28.49, 25.97, 25.97
02/25/2014, 26.19, 28.09, 26.09, 27.74
02/26/2014, 27.34, 28.57, 27.34, 28.02
02/27/2014, 28.13, 28.52, 27.25, 27.71
02/28/2014, 27.75, 28.32, 27.48, 27.93
03/03/2014, 29.46, 30.11, 28.11, 29.28
03/04/2014, 28.42, 28.56, 26.82, 26.87
03/05/2014, 26.85, 27.83, 26.78, 26.83
03/06/2014, 26.40, 27.88, 26.39, 26.67
03/07/2014, 26.47, 27.15, 25.82, 25.82
03/10/2014, 26.63, 27.21, 26.19, 26.23
03/11/2014, 26.29, 26.55, 25.74, 26.35
03/12/2014, 26.68, 27.29, 26.10, 26.14
03/13/2014, 25.86, 28.36, 25.33, 28.02
03/14/2014, 28.14, 28.21, 25.97, 27.52
03/17/2014, 26.61, 26.61, 24.15, 24.93
03/18/2014, 25.11, 25.47, 24.75, 25.02
03/19/2014, 25.58, 27.92, 25.58, 26.29
03/20/2014, 26.67, 27.51, 26.63, 27.10
03/21/2014, 28.05, 29.04, 27.55, 28.69
03/24/2014, 30.71, 32.59, 28.18, 31.87
03/25/2014, 31.71, 32.43, 30.97, 31.80
03/26/2014, 31.85, 33.60, 31.83, 33.60
03/27/2014, 33.95, 37.05, 33.93, 36.82
03/28/2014, 36.80, 36.99, 35.14, 35.73
03/31/2014, 36.88, 37.35, 36.56, 37.02
04/01/2014, 36.94, 37.67, 36.82, 37.60
04/02/2014, 37.90, 38.42, 37.53, 37.70
04/03/2014, 38.56, 40.14, 38.06, 39.81
04/04/2014, 39.75, 43.51, 39.51, 42.33
04/07/2014, 44.15, 46.77, 44.05, 45.30
04/08/2014, 45.39, 47.28, 42.66, 43.06
04/09/2014, 43.05, 44.85, 43.03, 43.47
04/10/2014, 45.03, 49.33, 43.98, 49.09
04/11/2014, 49.27, 49.94, 48.17, 49.24
04/14/2014, 51.58, 51.58, 49.39, 49.40
04/15/2014, 49.69, 50.34, 48.40, 48.52
04/16/2014, 45.12, 51.41, 45.12, 46.47
04/17/2014, 45.93, 47.27, 43.17, 43.39
04/21/2014, 44.04, 46.23, 42.86, 42.97
04/22/2014, 42.25, 43.71, 41.70, 43.64
04/23/2014, 43.44, 44.86, 42.95, 43.24
04/24/2014, 43.09, 46.14, 41.15, 41.45
04/25/2014, 34.63, 34.87, 32.36, 34.17
04/28/2014, 34.94, 39.10, 34.64, 37.00
04/29/2014, 36.92, 37.53, 34.74, 34.75
04/30/2014, 34.70, 35.00, 32.62, 32.62
05/01/2014, 32.20, 32.42, 31.37, 31.40
05/02/2014, 31.19, 32.47, 30.41, 30.41
05/05/2014, 31.59, 32.11, 29.99, 30.01
05/06/2014, 30.04, 31.78, 29.99, 31.78
05/07/2014, 31.91, 34.57, 31.85, 33.34
05/08/2014, 33.74, 34.07, 32.75, 33.93
05/09/2014, 33.57, 34.25, 32.00, 32.07
05/12/2014, 32.45, 32.91, 29.72, 29.72
05/13/2014, 29.82, 29.91, 28.62, 28.63
05/14/2014, 28.88, 29.43, 28.53, 29.27
05/15/2014, 29.12, 31.80, 29.01, 29.55
05/16/2014, 30.03, 30.56, 28.37, 28.87
05/19/2014, 29.75, 30.18, 28.76, 28.82
05/20/2014, 28.63, 28.93, 28.12, 28.34
05/21/2014, 28.12, 28.15, 27.43, 27.66
05/22/2014, 27.42, 28.06, 27.32, 27.44
05/23/2014, 27.10, 27.56, 25.90, 25.98
05/27/2014, 26.77, 27.03, 26.66, 26.90
05/28/2014, 26.91, 27.73, 26.88, 27.12
05/29/2014, 27.00, 27.30, 26.49, 26.49
05/30/2014, 26.49, 27.56, 26.43, 26.81
06/02/2014, 27.57, 28.05, 27.06, 27.06
06/03/2014, 27.24, 27.64, 26.99, 27.05
06/04/2014, 27.05, 27.34, 26.89, 27.07
06/05/2014, 26.92, 32.13, 26.92, 31.06
06/06/2014, 31.14, 31.86, 30.64, 30.64
06/09/2014, 31.28, 31.78, 30.25, 30.34
06/10/2014, 30.50, 30.85, 28.77, 28.77
06/11/2014, 29.18, 30.29, 29.18, 30.27
06/12/2014, 30.30, 30.58, 30.21, 30.27
06/13/2014, 30.41, 31.05, 29.27, 29.31
06/16/2014, 28.98, 29.51, 28.98, 29.05
06/17/2014, 29.61, 30.49, 29.13, 29.19
06/18/2014, 29.53, 30.25, 28.49, 28.66
06/19/2014, 28.96, 29.39, 28.74, 28.77
06/20/2014, 29.02, 29.33, 28.79, 28.91
06/23/2014, 31.30, 31.53, 29.44, 29.46
06/24/2014, 29.90, 30.80, 29.82, 30.64
06/25/2014, 31.05, 31.46, 30.84, 30.95
06/26/2014, 31.42, 32.00, 31.34, 31.39
06/27/2014, 31.72, 32.00, 31.13, 31.14
06/30/2014, 33.23, 33.53, 33.04, 33.06
07/01/2014, 33.46, 34.09, 33.01, 33.41
07/02/2014, 33.96, 34.23, 33.13, 33.25
07/03/2014, 33.70, 34.03, 33.36, 33.42
07/07/2014, 35.96, 36.05, 34.55, 34.72
07/08/2014, 35.23, 36.01, 34.74, 35.73
07/09/2014, 36.04, 37.07, 35.23, 35.36
07/10/2014, 35.70, 36.63, 35.70, 35.93
07/11/2014, 35.63, 37.77, 35.63, 36.34
07/14/2014, 38.65, 38.77, 37.84, 38.21
07/15/2014, 38.01, 38.15, 36.86, 37.14
07/16/2014, 37.15, 38.00, 36.48, 36.48
07/17/2014, 36.92, 37.82, 36.55, 37.10
07/18/2014, 36.68, 37.98, 36.56, 37.32
07/21/2014, 37.82, 38.15, 37.27, 37.75
07/22/2014, 37.80, 38.07, 37.19, 37.24
07/23/2014, 37.07, 37.36, 36.52, 36.83
07/24/2014, 36.88, 38.25, 36.25, 37.30
07/25/2014, 28.55, 30.19, 28.37, 28.69
07/28/2014, 29.25, 30.60, 28.06, 28.06
07/29/2014, 28.00, 28.54, 27.75, 27.76
07/30/2014, 27.47, 28.84, 27.30, 27.30
07/31/2014, 28.05, 30.52, 27.92, 30.38
08/01/2014, 30.56, 32.37, 29.92, 30.86
08/04/2014, 30.92, 31.04, 29.15, 29.31
08/05/2014, 30.06, 30.90, 29.55, 30.34
08/06/2014, 30.24, 30.79, 30.06, 30.22
08/07/2014, 29.45, 30.51, 29.44, 30.22
08/08/2014, 30.14, 30.42, 27.91, 27.96
08/11/2014, 27.84, 27.85, 25.70, 25.79
08/12/2014, 25.78, 25.99, 25.15, 25.43
08/13/2014, 25.06, 26.69, 24.44, 25.17
08/14/2014, 25.03, 25.03, 23.63, 24.50
08/15/2014, 24.45, 26.80, 23.86, 25.79
08/18/2014, 25.59, 25.63, 23.85, 24.18
08/19/2014, 24.08, 24.41, 23.29, 23.56
08/20/2014, 23.66, 24.36, 23.46, 23.61
08/21/2014, 23.54, 24.13, 23.37, 23.40
08/22/2014, 23.91, 24.00, 22.93, 22.97
08/25/2014, 23.73, 23.86, 23.27, 23.51
08/26/2014, 23.49, 25.09, 23.49, 23.75
08/27/2014, 23.85, 24.61, 23.78, 24.08
08/28/2014, 24.42, 24.94, 23.92, 23.93
08/29/2014, 23.91, 24.43, 22.52, 22.52
09/02/2014, 23.62, 24.47, 23.28, 24.24
09/03/2014, 24.30, 24.71, 24.20, 24.61
09/04/2014, 24.48, 26.30, 24.48, 25.07
09/05/2014, 25.05, 25.69, 24.08, 24.74
09/08/2014, 25.31, 26.58, 25.31, 25.87
09/09/2014, 25.84, 28.10, 25.84, 27.87
09/10/2014, 27.66, 29.17, 27.65, 28.09
09/11/2014, 28.28, 29.18, 28.10, 28.10
09/12/2014, 28.27, 28.38, 27.28, 27.33
09/15/2014, 27.57, 31.88, 27.51, 29.65
09/16/2014, 30.08, 32.20, 27.72, 27.72
09/17/2014, 28.33, 29.30, 27.24, 27.39
09/18/2014, 27.60, 27.86, 27.10, 27.28
09/19/2014, 27.31, 27.99, 26.31, 26.68
09/22/2014, 28.53, 30.69, 28.42, 30.33
09/23/2014, 30.78, 31.04, 30.27, 30.69
09/24/2014, 30.79, 31.37, 29.03, 29.30
09/25/2014, 29.75, 31.26, 29.63, 30.89
09/26/2014, 31.10, 32.73, 30.14, 30.56
09/29/2014, 32.59, 33.50, 32.36, 32.47
09/30/2014, 32.85, 33.51, 32.81, 33.12
10/01/2014, 33.71, 35.05, 33.69, 34.43
10/02/2014, 34.96, 35.77, 33.78, 34.32
10/03/2014, 34.10, 34.22, 33.02, 33.14
10/06/2014, 34.51, 34.69, 34.16, 34.25
10/07/2014, 35.24, 35.66, 34.89, 35.66
10/08/2014, 36.20, 36.80, 35.64, 35.98
10/09/2014, 36.31, 37.58, 35.85, 37.50
10/10/2014, 37.86, 39.70, 37.79, 39.27
10/13/2014, 43.97, 47.75, 43.79, 47.63
10/14/2014, 47.46, 47.46, 45.30, 45.55
10/15/2014, 47.70, 52.66, 46.96, 48.87
10/16/2014, 51.19, 53.17, 49.28, 49.58
10/17/2014, 47.81, 48.53, 45.79, 46.01
10/20/2014, 46.44, 46.87, 44.48, 44.65
10/21/2014, 43.52, 45.29, 43.52, 44.51
10/22/2014, 44.77, 44.86, 43.32, 44.76
10/23/2014, 44.42, 44.77, 42.80, 44.25
10/24/2014, 32.87, 32.94, 27.28, 30.35
10/27/2014, 31.16, 31.23, 28.63, 28.64
10/28/2014, 28.53, 28.53, 26.72, 26.98
10/29/2014, 26.89, 27.52, 26.89, 27.08
10/30/2014, 27.34, 28.09, 26.99, 27.18
10/31/2014, 26.81, 26.92, 25.88, 25.88
11/03/2014, 26.84, 27.30, 26.43, 26.64
11/04/2014, 26.93, 27.45, 26.83, 26.95
11/05/2014, 27.00, 28.98, 27.00, 28.73
11/06/2014, 28.84, 29.53, 28.34, 28.34
11/07/2014, 28.22, 28.38, 27.47, 27.54
11/10/2014, 27.90, 28.44, 26.80, 27.01
11/11/2014, 27.06, 27.50, 26.46, 26.73
11/12/2014, 27.13, 27.34, 26.83, 27.19
11/13/2014, 27.69, 28.50, 27.37, 28.36
11/14/2014, 28.56, 32.06, 28.48, 30.31
11/17/2014, 31.61, 31.63, 30.51, 30.63
11/18/2014, 30.96, 32.13, 30.43, 30.47
11/19/2014, 30.83, 31.39, 30.81, 31.24
11/20/2014, 31.52, 32.39, 31.51, 31.58
11/21/2014, 31.61, 31.63, 29.46, 29.83
11/24/2014, 30.32, 30.36, 28.23, 28.57
11/25/2014, 28.46, 29.23, 28.06, 28.09
11/26/2014, 28.23, 28.47, 27.61, 27.61
11/28/2014, 27.86, 28.80, 27.57, 28.60
12/01/2014, 29.55, 31.65, 28.77, 30.96
12/02/2014, 30.75, 31.44, 30.34, 30.34
12/03/2014, 30.15, 32.99, 30.14, 32.47
12/04/2014, 32.45, 34.36, 31.95, 32.64
12/05/2014, 32.68, 33.51, 32.15, 32.21
12/08/2014, 32.92, 34.61, 32.90, 34.01
12/09/2014, 34.91, 36.36, 34.50, 34.64
12/10/2014, 34.61, 36.66, 34.33, 36.59
12/11/2014, 35.92, 36.84, 34.64, 36.01
12/12/2014, 36.73, 38.36, 36.30, 38.36
12/15/2014, 38.52, 40.75, 38.14, 38.71
12/16/2014, 39.54, 41.64, 39.31, 41.20
12/17/2014, 40.92, 42.27, 38.87, 39.07
12/18/2014, 38.01, 39.81, 36.88, 37.07
12/19/2014, 37.29, 37.29, 35.73, 35.95
12/22/2014, 37.75, 37.76, 34.75, 35.01
12/23/2014, 35.18, 35.18, 33.64, 33.93
12/24/2014, 34.12, 34.76, 34.12, 34.67
12/26/2014, 35.64, 35.90, 35.07, 35.81
12/29/2014, 37.83, 38.10, 37.03, 37.79
12/30/2014, 38.15, 38.65, 37.89, 38.01
12/31/2014, 38.15, 38.40, 37.77, 38.11
01/02/2015, 38.93, 39.97, 38.87, 39.40
01/05/2015, 41.81, 43.22, 41.81, 42.70
01/06/2015, 43.07, 43.95, 42.99, 43.35
01/07/2015, 43.25, 43.85, 43.10, 43.42
01/08/2015, 43.50, 43.81, 41.75, 41.77
01/09/2015, 41.90, 42.43, 41.33, 41.38
01/12/2015, 46.76, 47.80, 46.58, 46.82
01/13/2015, 46.35, 48.23, 45.43, 48.20
01/14/2015, 48.16, 49.45, 48.16, 48.20
01/15/2015, 47.96, 48.89, 47.96, 48.60
01/16/2015, 48.52, 48.74, 45.54, 45.56
01/20/2015, 45.27, 45.97, 44.12, 44.17
01/21/2015, 43.98, 47.66, 43.92, 45.63
01/22/2015, 44.97, 45.53, 43.39, 43.48
01/23/2015, 43.39, 44.83, 43.38, 43.82
01/26/2015, 44.74, 45.36, 43.64, 44.98
01/27/2015, 44.86, 47.28, 44.83, 45.51
01/28/2015, 45.08, 47.47, 44.96, 47.03
01/29/2015, 46.85, 47.86, 45.13, 45.49
01/30/2015, 31.91, 33.22, 29.33, 31.77
02/02/2015, 32.02, 32.28, 31.15, 31.59
02/03/2015, 31.49, 31.50, 29.36, 29.39
02/04/2015, 29.63, 29.65, 28.72, 28.85
02/05/2015, 28.34, 29.74, 28.17, 28.59
02/06/2015, 28.32, 28.38, 27.35, 27.64
02/09/2015, 28.60, 28.97, 28.24, 28.29
02/10/2015, 28.19, 28.52, 27.87, 27.87
02/11/2015, 28.06, 28.55, 27.75, 27.90
02/12/2015, 28.00, 28.00, 26.88, 27.00
02/13/2015, 26.96, 26.98, 26.02, 26.02
02/17/2015, 27.67, 28.00, 26.94, 26.94
02/18/2015, 26.99, 27.12, 26.18, 26.20
02/19/2015, 26.35, 26.47, 25.88, 26.06
02/20/2015, 26.83, 26.83, 24.96, 25.29
02/23/2015, 26.03, 26.22, 25.26, 25.57
02/24/2015, 25.85, 26.09, 25.37, 25.39
02/25/2015, 25.41, 26.40, 24.97, 26.23
02/26/2015, 26.03, 27.29, 26.03, 26.57
02/27/2015, 26.27, 26.62, 25.60, 25.60
03/02/2015, 26.43, 26.56, 25.79, 25.79
03/03/2015, 25.83, 26.01, 25.47, 25.54
03/04/2015, 25.67, 26.30, 25.67, 25.79
03/05/2015, 27.29, 27.29, 25.73, 25.87
03/06/2015, 25.98, 26.38, 25.65, 26.29
03/09/2015, 27.15, 27.66, 26.60, 26.73
03/10/2015, 27.32, 28.59, 27.32, 27.80
03/11/2015, 27.96, 28.21, 27.44, 27.76
03/12/2015, 27.60, 27.96, 26.95, 27.25
03/13/2015, 27.19, 27.91, 26.89, 27.37
03/16/2015, 27.13, 27.72, 26.81, 26.84
03/17/2015, 27.29, 27.45, 26.71, 27.22
03/18/2015, 27.57, 28.66, 26.52, 26.63
03/19/2015, 27.00, 27.12, 26.10, 26.33
03/20/2015, 26.68, 26.77, 25.72, 26.00
03/23/2015, 28.02, 28.29, 27.21, 27.39
03/24/2015, 27.90, 28.12, 27.78, 27.89
03/25/2015, 28.15, 29.25, 28.15, 29.07
03/26/2015, 29.62, 31.62, 29.62, 30.95
03/27/2015, 31.39, 31.68, 30.86, 30.99
03/30/2015, 32.98, 33.06, 32.03, 32.08
03/31/2015, 32.68, 32.90, 32.48, 32.66
04/01/2015, 33.10, 34.06, 33.10, 33.90
04/02/2015, 34.25, 34.48, 33.73, 33.74
04/06/2015, 36.49, 36.75, 36.27, 36.34
04/07/2015, 36.71, 36.97, 36.29, 36.37
04/08/2015, 36.67, 37.26, 36.67, 37.21
04/09/2015, 37.57, 38.17, 37.56, 38.09
04/10/2015, 38.33, 39.25, 38.20, 38.51
04/13/2015, 41.00, 41.38, 40.64, 40.76
04/14/2015, 40.46, 41.58, 39.53, 39.68
04/15/2015, 39.89, 40.23, 38.90, 39.09
04/16/2015, 38.91, 40.56, 38.91, 39.83
04/17/2015, 40.47, 41.68, 40.47, 41.29
04/20/2015, 41.65, 44.60, 41.65, 42.88
04/21/2015, 43.39, 43.91, 43.06, 43.17
04/22/2015, 43.52, 45.34, 43.52, 45.13
04/23/2015, 45.12, 46.53, 41.01, 41.55
04/24/2015, 27.12, 28.95, 26.14, 26.64
04/27/2015, 27.33, 27.57, 24.91, 24.91
04/28/2015, 25.04, 25.36, 24.50, 24.59
04/29/2015, 24.61, 25.25, 24.45, 24.48
04/30/2015, 24.70, 25.96, 24.70, 25.83
05/01/2015, 25.64, 26.51, 25.02, 25.02
05/04/2015, 25.91, 26.14, 24.50, 24.50
05/05/2015, 24.91, 25.40, 24.89, 25.38
05/06/2015, 25.29, 26.15, 25.20, 25.42
05/07/2015, 25.61, 26.23, 25.29, 25.30
05/08/2015, 25.14, 25.14, 23.73, 23.99
05/11/2015, 24.88, 24.88, 24.05, 24.31
05/12/2015, 24.34, 25.20, 24.34, 24.78
05/13/2015, 24.66, 24.73, 24.05, 24.05
05/14/2015, 24.08, 24.15, 23.10, 23.28
05/15/2015, 23.46, 23.67, 22.72, 22.82
05/18/2015, 23.34, 23.99, 23.10, 23.29
05/19/2015, 23.35, 23.75, 23.26, 23.51
05/20/2015, 23.51, 24.08, 23.51, 23.55
05/21/2015, 23.73, 24.16, 23.15, 23.20
05/22/2015, 23.29, 23.43, 22.31, 22.40
05/26/2015, 23.62, 23.84, 23.59, 23.65
05/27/2015, 23.81, 23.99, 23.31, 23.36
05/28/2015, 23.52, 23.93, 23.32, 23.33
05/29/2015, 23.54, 23.69, 22.82, 23.46
06/01/2015, 24.26, 24.45, 23.37, 23.37
06/02/2015, 23.55, 24.08, 23.30, 23.36
06/03/2015, 23.61, 24.76, 23.46, 23.54
06/04/2015, 23.82, 24.83, 23.45, 24.06
06/05/2015, 24.11, 24.72, 23.44, 23.44
06/08/2015, 24.20, 24.63, 24.11, 24.29
06/09/2015, 24.22, 25.01, 24.22, 24.50
06/10/2015, 24.30, 24.50, 23.21, 23.24
06/11/2015, 23.29, 23.45, 22.93, 22.98
06/12/2015, 23.13, 23.22, 22.58, 22.58
06/15/2015, 22.12, 23.08, 22.12, 22.42
06/16/2015, 22.75, 22.89, 21.74, 21.80
06/17/2015, 22.26, 22.90, 22.16, 22.24
06/18/2015, 22.75, 22.88, 21.95, 22.88
06/19/2015, 23.01, 23.50, 22.03, 22.03
06/22/2015, 24.00, 24.00, 23.07, 23.25
06/23/2015, 23.75, 26.60, 23.69, 26.27
06/24/2015, 26.60, 26.81, 25.97, 26.31
06/25/2015, 26.64, 27.45, 26.62, 27.17
06/26/2015, 27.57, 28.15, 27.55, 27.82
06/29/2015, 30.22, 32.42, 30.22, 32.30
06/30/2015, 32.30, 32.59, 32.06, 32.12
07/01/2015, 32.14, 32.14, 31.59, 31.65
07/02/2015, 31.90, 32.12, 31.75, 31.75
07/06/2015, 34.53, 34.67, 34.08, 34.30
07/07/2015, 34.68, 36.04, 34.62, 34.62
07/08/2015, 35.07, 36.51, 35.06, 36.42
07/09/2015, 36.39, 36.72, 36.16, 36.64
07/10/2015, 36.44, 36.56, 36.17, 36.36
07/13/2015, 40.96, 40.96, 39.59, 39.79
07/14/2015, 40.80, 40.80, 39.12, 39.36
07/15/2015, 39.37, 39.39, 38.65, 38.88
07/16/2015, 38.29, 38.38, 37.91, 38.05
07/17/2015, 37.70, 42.48, 37.60, 41.55
07/20/2015, 41.59, 46.93, 41.59, 45.64
07/21/2015, 46.11, 48.68, 45.86, 47.53
07/22/2015, 47.42, 47.81, 45.89, 46.10
07/23/2015, 46.61, 49.31, 45.74, 47.99
07/24/2015, 34.09, 34.09, 29.19, 30.21
07/27/2015, 30.95, 31.49, 29.10, 29.22
07/28/2015, 28.64, 29.20, 27.41, 27.41
07/29/2015, 27.43, 27.90, 26.43, 26.57
07/30/2015, 26.58, 27.54, 25.51, 25.51
07/31/2015, 25.65, 25.95, 24.48, 24.48
08/03/2015, 25.55, 26.74, 25.40, 26.03
08/04/2015, 26.14, 26.60, 25.83, 25.87
08/05/2015, 25.77, 26.63, 25.52, 26.24
08/06/2015, 26.16, 28.37, 26.07, 28.30
08/07/2015, 28.36, 30.10, 28.19, 28.91
08/10/2015, 29.39, 29.40, 26.48, 26.48
08/11/2015, 26.40, 28.15, 26.37, 27.76
08/12/2015, 27.93, 30.71, 27.93, 28.82
08/13/2015, 28.59, 29.48, 28.55, 28.87
08/14/2015, 28.70, 29.06, 27.81, 27.81
08/17/2015, 28.38, 28.72, 26.45, 26.45
08/18/2015, 26.19, 27.20, 26.19, 26.88
08/19/2015, 26.98, 28.53, 26.94, 27.42
08/20/2015, 27.01, 32.74, 27.01, 32.73
08/21/2015, 32.81, 39.12, 32.81, 38.48
08/24/2015, 38.48, 64.99, 38.48, 52.17
08/25/2015, 44.06, 47.66, 41.34, 47.65
08/26/2015, 43.00, 45.63, 40.87, 41.52
08/27/2015, 37.77, 40.27, 37.25, 38.36
08/28/2015, 37.71, 38.83, 35.96, 37.67
08/31/2015, 37.59, 38.36, 36.52, 37.28
09/01/2015, 39.80, 46.22, 38.94, 45.25
09/02/2015, 42.14, 43.89, 40.61, 40.61
09/03/2015, 38.94, 40.51, 37.53, 39.95
09/04/2015, 39.68, 42.44, 39.68, 41.81
09/08/2015, 39.82, 40.91, 39.00, 39.04
09/09/2015, 37.06, 39.46, 36.26, 38.56
09/10/2015, 38.00, 39.26, 37.78, 39.10
09/11/2015, 38.23, 39.31, 37.83, 37.87
09/14/2015, 37.29, 38.09, 36.38, 36.44
09/15/2015, 36.40, 37.40, 34.66, 34.80
09/16/2015, 34.57, 35.30, 32.83, 32.83
09/17/2015, 32.72, 35.11, 30.81, 33.00
09/18/2015, 32.96, 35.29, 32.78, 35.19
09/21/2015, 35.96, 36.29, 33.80, 34.26
09/22/2015, 34.68, 36.81, 34.68, 34.99
09/23/2015, 35.07, 36.03, 34.99, 35.22
09/24/2015, 35.75, 38.07, 35.75, 36.50
09/25/2015, 35.72, 38.95, 35.36, 38.80
09/28/2015, 40.57, 50.21, 40.57, 48.23
09/29/2015, 48.17, 51.76, 47.72, 51.24
09/30/2015, 49.82, 50.43, 45.81, 46.05
10/01/2015, 46.23, 47.36, 45.67, 45.74
10/02/2015, 46.97, 48.05, 43.61, 43.67
10/05/2015, 44.79, 45.40, 43.63, 44.03
10/06/2015, 43.77, 46.26, 43.64, 45.23
10/07/2015, 44.77, 47.61, 44.72, 45.89
10/08/2015, 46.69, 48.43, 46.69, 47.41
10/09/2015, 47.07, 47.75, 46.32, 46.40
10/12/2015, 52.38, 52.54, 49.60, 49.64
10/13/2015, 49.92, 50.44, 49.10, 49.10
10/14/2015, 49.35, 50.63, 49.35, 49.83
10/15/2015, 49.41, 49.53, 46.35, 46.80
10/16/2015, 46.55, 47.21, 44.72, 44.72
10/19/2015, 45.33, 47.32, 44.07, 44.46
10/20/2015, 44.73, 49.07, 44.54, 46.29
10/21/2015, 46.85, 49.46, 46.75, 48.46
10/22/2015, 47.95, 50.19, 46.60, 47.76
10/23/2015, 30.70, 30.70, 26.00, 27.14
10/26/2015, 27.48, 27.66, 24.81, 25.03
10/27/2015, 25.18, 25.46, 24.59, 24.85
10/28/2015, 24.88, 25.25, 24.05, 24.29
10/29/2015, 24.49, 26.58, 24.07, 26.05
10/30/2015, 26.13, 27.01, 25.76, 25.76
11/02/2015, 26.90, 27.06, 25.66, 25.75
11/03/2015, 25.75, 26.44, 25.68, 25.70
11/04/2015, 25.42, 27.43, 25.32, 26.72
11/05/2015, 26.16, 30.15, 26.16, 27.60
11/06/2015, 27.73, 29.35, 27.64, 28.40
11/09/2015, 29.06, 31.08, 29.05, 30.59
11/10/2015, 30.64, 30.91, 29.56, 29.76
11/11/2015, 29.32, 30.31, 29.22, 30.22
11/12/2015, 30.53, 31.38, 30.10, 30.38
11/13/2015, 30.50, 33.29, 30.24, 33.12
11/16/2015, 33.89, 35.75, 32.96, 33.49
11/17/2015, 33.28, 34.30, 32.95, 32.97
11/18/2015, 32.98, 32.98, 31.47, 31.67
11/19/2015, 31.65, 33.92, 31.65, 32.26
11/20/2015, 31.85, 33.76, 30.80, 30.98
11/23/2015, 31.80, 32.10, 29.62, 30.16
11/24/2015, 30.35, 33.94, 30.35, 32.22
11/25/2015, 31.80, 32.06, 30.55, 30.55
11/27/2015, 30.49, 31.79, 30.47, 31.11
11/30/2015, 31.32, 33.38, 30.82, 32.29
12/01/2015, 31.90, 32.00, 28.69, 28.69
12/02/2015, 28.64, 29.74, 27.31, 29.31
12/03/2015, 28.61, 32.90, 28.59, 30.83
12/04/2015, 30.79, 31.87, 28.63, 28.95
12/07/2015, 29.85, 32.11, 29.51, 30.26
12/08/2015, 30.91, 32.19, 29.73, 29.98
12/09/2015, 29.90, 33.73, 29.72, 32.57
12/10/2015, 32.47, 34.80, 31.13, 31.13
12/11/2015, 32.68, 36.90, 32.47, 35.34
12/14/2015, 36.71, 37.50, 33.86, 33.96
12/15/2015, 32.48, 32.54, 29.62, 31.30
12/16/2015, 30.83, 31.28, 29.72, 29.76
12/17/2015, 29.34, 30.89, 29.34, 30.64
12/18/2015, 30.70, 33.68, 30.46, 32.94
12/21/2015, 34.83, 34.88, 33.63, 33.63
12/22/2015, 33.97, 34.07, 32.38, 32.38
12/23/2015, 32.47, 33.45, 32.27, 32.31
12/24/2015, 32.77, 32.96, 31.56, 32.17
12/28/2015, 35.14, 35.57, 34.70, 34.80
12/29/2015, 34.98, 35.83, 34.80, 35.09
12/30/2015, 35.53, 36.12, 35.45, 35.82
12/31/2015, 36.41, 37.15, 36.09, 36.44
01/04/2016, 41.24, 46.62, 41.15, 45.12
01/05/2016, 44.67, 45.34, 44.05, 44.27
01/06/2016, 45.49, 45.54, 43.67, 43.77
01/07/2016, 45.29, 47.48, 44.85, 47.07
01/08/2016, 46.02, 46.62, 45.02, 46.15
01/11/2016, 50.63, 52.55, 49.84, 50.17
01/12/2016, 48.97, 49.37, 46.98, 47.39
01/13/2016, 47.49, 54.17, 46.78, 53.12
01/14/2016, 52.54, 55.05, 47.92, 48.49
01/15/2016, 51.39, 54.32, 50.71, 52.62
01/19/2016, 51.63, 52.97, 50.81, 51.92
01/20/2016, 52.32, 56.61, 52.32, 53.48
01/21/2016, 53.24, 53.89, 49.47, 51.14
01/22/2016, 49.87, 49.99, 46.49, 47.59
01/25/2016, 47.99, 50.61, 47.82, 50.28
01/26/2016, 49.77, 49.90, 46.00, 48.39
01/27/2016, 48.52, 51.18, 48.32, 50.76
01/28/2016, 50.03, 51.34, 48.62, 50.63
01/29/2016, 38.85, 38.85, 33.29, 33.42
02/01/2016, 35.29, 35.58, 33.97, 34.63
02/02/2016, 35.82, 38.97, 34.99, 37.37
02/03/2016, 37.39, 43.05, 37.39, 39.54
02/04/2016, 40.28, 41.24, 37.96, 38.56
02/05/2016, 39.19, 44.53, 39.00, 44.18
02/08/2016, 46.51, 50.02, 46.18, 48.30
02/09/2016, 49.94, 50.84, 48.06, 48.67
02/10/2016, 47.68, 48.03, 43.95, 44.92
02/11/2016, 45.95, 47.73, 45.59, 46.01
02/12/2016, 45.05, 45.05, 39.69, 39.69
02/16/2016, 40.09, 40.53, 38.20, 38.28
02/17/2016, 37.27, 38.28, 36.50, 36.88
02/18/2016, 36.27, 37.76, 36.15, 37.55
02/19/2016, 38.14, 39.04, 33.87, 33.87
02/22/2016, 33.89, 34.84, 32.63, 34.27
02/23/2016, 34.36, 36.04, 34.34, 35.67
02/24/2016, 36.88, 38.72, 35.85, 35.86
02/25/2016, 35.72, 36.75, 34.98, 35.14
02/26/2016, 34.16, 37.28, 34.15, 35.96
02/29/2016, 36.99, 37.28, 33.71, 34.63
03/01/2016, 34.18, 35.27, 31.41, 31.41
03/02/2016, 31.41, 32.71, 31.02, 32.30
03/03/2016, 32.18, 33.78, 32.18, 33.32
03/04/2016, 32.78, 33.65, 32.49, 32.71
03/07/2016, 33.95, 35.89, 33.95, 34.31
03/08/2016, 34.98, 36.48, 34.55, 35.80
03/09/2016, 35.70, 36.81, 34.76, 34.82
03/10/2016, 34.18, 36.22, 33.80, 34.60
03/11/2016, 33.49, 33.49, 31.09, 31.16
03/14/2016, 31.42, 31.81, 29.72, 29.75
03/15/2016, 30.87, 31.08, 29.63, 29.77
03/16/2016, 30.08, 30.47, 28.78, 29.03
03/17/2016, 29.75, 31.92, 29.75, 31.18
03/18/2016, 31.16, 33.38, 31.11, 32.58
03/21/2016, 34.67, 35.92, 32.42, 32.42
03/22/2016, 33.44, 34.25, 32.38, 32.41
03/23/2016, 33.05, 33.32, 32.68, 32.74
03/24/2016, 33.67, 34.25, 32.81, 32.85
03/28/2016, 36.10, 36.70, 35.24, 35.60
03/29/2016, 36.23, 36.71, 35.59, 35.62
03/30/2016, 35.81, 35.81, 34.57, 34.61
03/31/2016, 34.92, 35.56, 34.86, 35.13
04/01/2016, 35.97, 36.17, 34.98, 35.02
04/04/2016, 36.82, 38.76, 36.76, 38.25
04/05/2016, 38.97, 40.02, 38.77, 40.01
04/06/2016, 40.31, 41.22, 40.28, 40.65
04/07/2016, 41.21, 43.05, 41.19, 42.67
04/08/2016, 42.71, 43.03, 41.94, 42.13
04/11/2016, 47.86, 48.86, 47.14, 47.83
04/12/2016, 47.52, 48.40, 47.24, 47.56
04/13/2016, 47.16, 47.50, 45.70, 45.78
04/14/2016, 45.21, 46.24, 44.53, 44.63
04/15/2016, 44.33, 44.62, 43.00, 43.00
04/18/2016, 43.70, 44.24, 41.67, 41.69
04/19/2016, 41.70, 43.79, 41.48, 41.99
04/20/2016, 41.47, 43.36, 41.45, 41.57
04/21/2016, 42.31, 42.53, 41.54, 41.87
04/22/2016, 41.82, 43.46, 41.64, 43.28
04/25/2016, 43.46, 43.66, 41.43, 41.43
04/26/2016, 41.51, 41.70, 40.86, 41.40
04/27/2016, 41.54, 42.77, 41.40, 42.17
04/28/2016, 41.79, 43.05, 41.14, 42.25
04/29/2016, 27.29, 29.44, 26.47, 28.14
05/02/2016, 28.51, 28.79, 25.87, 26.44
05/03/2016, 26.92, 27.71, 26.80, 27.62
05/04/2016, 27.94, 28.40, 26.58, 27.91
05/05/2016, 27.71, 29.46, 27.42, 28.43
05/06/2016, 28.95, 28.96, 26.60, 26.65
05/09/2016, 27.53, 27.93, 26.56, 26.56
05/10/2016, 26.06, 26.74, 25.07, 26.31
05/11/2016, 26.06, 27.90, 26.06, 27.39
05/12/2016, 27.47, 28.66, 27.20, 28.48
05/13/2016, 28.27, 28.82, 27.58, 27.60
05/16/2016, 28.07, 28.26, 26.47, 26.61
05/17/2016, 26.70, 27.46, 26.58, 27.21
05/18/2016, 27.55, 27.62, 26.47, 26.90
05/19/2016, 27.16, 27.81, 27.12, 27.29
05/20/2016, 27.26, 27.36, 25.15, 25.15
05/23/2016, 26.40, 26.52, 25.38, 25.42
05/24/2016, 25.36, 25.43, 24.52, 24.52
05/25/2016, 24.32, 25.26, 23.79, 23.80
05/26/2016, 23.87, 24.34, 23.46, 23.46
05/27/2016, 23.42, 23.65, 23.04, 23.04
05/31/2016, 24.34, 24.57, 24.07, 24.21
06/01/2016, 24.39, 25.29, 24.39, 24.54
06/02/2016, 24.40, 24.89, 24.05, 24.42
06/03/2016, 24.47, 24.61, 23.44, 23.45
06/06/2016, 24.32, 24.74, 24.12, 24.27
06/07/2016, 23.91, 24.60, 23.91, 24.42
06/08/2016, 24.35, 24.42, 23.21, 23.22
06/09/2016, 23.44, 23.71, 23.16, 23.46
06/10/2016, 23.87, 24.79, 23.87, 24.62
06/13/2016, 24.39, 26.29, 24.14, 26.09
06/14/2016, 26.97, 27.65, 26.34, 26.62
06/15/2016, 26.63, 27.27, 26.41, 27.12
06/16/2016, 28.06, 29.58, 26.86, 26.93
06/17/2016, 27.41, 29.50, 27.41, 28.39
06/20/2016, 29.63, 29.73, 26.90, 27.30
06/21/2016, 27.64, 28.47, 27.64, 28.25
06/22/2016, 29.01, 29.91, 28.55, 29.90
06/23/2016, 29.28, 29.79, 28.32, 28.32
06/24/2016, 31.69, 35.08, 30.78, 34.28
06/27/2016, 35.96, 38.40, 35.96, 36.70
06/28/2016, 36.39, 36.39, 33.70, 33.82
06/29/2016, 33.93, 34.18, 33.23, 33.47
06/30/2016, 33.33, 34.13, 33.19, 34.10
07/01/2016, 34.48, 34.83, 33.95, 34.10
07/05/2016, 36.99, 38.14, 36.50, 37.46
07/06/2016, 37.96, 39.05, 37.92, 38.11
07/07/2016, 38.26, 39.03, 38.26, 38.57
07/08/2016, 38.32, 38.83, 36.16, 36.18
07/11/2016, 40.89, 41.21, 39.92, 39.94
07/12/2016, 39.89, 41.60, 39.80, 40.53
07/13/2016, 40.20, 40.93, 39.52, 40.15
07/14/2016, 39.57, 40.49, 38.92, 38.99
07/15/2016, 38.16, 38.96, 38.10, 38.18
07/18/2016, 38.49, 39.40, 37.79, 37.79
07/19/2016, 37.64, 38.41, 37.44, 37.99
07/20/2016, 38.05, 38.25, 37.69, 37.77
07/21/2016, 37.36, 38.11, 37.34, 37.35
07/22/2016, 37.78, 37.78, 36.45, 37.61
07/25/2016, 38.01, 38.05, 36.72, 36.88
07/26/2016, 36.82, 37.66, 36.62, 36.79
07/27/2016, 36.75, 37.22, 36.10, 37.11
07/28/2016, 37.15, 37.84, 35.01, 36.77
07/29/2016, 25.40, 25.79, 21.04, 21.12
08/01/2016, 21.96, 22.08, 20.36, 20.36
08/02/2016, 20.67, 21.43, 20.50, 21.00
08/03/2016, 21.37, 21.47, 20.52, 20.88
08/04/2016, 21.01, 21.68, 20.29, 20.32
08/05/2016, 20.05, 20.36, 19.01, 19.01
08/08/2016, 20.02, 20.30, 19.14, 19.14
08/09/2016, 19.30, 19.52, 18.92, 18.92
08/10/2016, 18.81, 19.05, 18.53, 18.69
08/11/2016, 18.52, 18.77, 18.07, 18.61
08/12/2016, 18.76, 19.06, 18.70, 18.75
08/15/2016, 19.26, 19.43, 18.61, 18.63
08/16/2016, 18.95, 19.41, 18.78, 19.41
08/17/2016, 19.68, 20.00, 18.21, 18.70
08/18/2016, 18.70, 19.30, 18.38, 18.55
08/19/2016, 19.14, 19.61, 18.44, 18.66
08/22/2016, 18.65, 20.87, 18.48, 18.48
08/23/2016, 18.38, 18.66, 18.14, 18.47
08/24/2016, 18.52, 19.50, 18.52, 19.22
08/25/2016, 19.39, 19.93, 19.39, 19.88
08/26/2016, 19.65, 20.87, 19.18, 20.71
08/29/2016, 21.69, 21.90, 19.99, 20.00
08/30/2016, 20.17, 20.44, 19.50, 19.55
08/31/2016, 19.50, 20.13, 19.50, 19.58
09/01/2016, 19.79, 20.71, 19.79, 20.11
09/02/2016, 19.93, 20.07, 18.74, 18.74
09/06/2016, 19.82, 20.49, 19.40, 20.19
09/07/2016, 20.36, 20.99, 19.89, 19.93
09/08/2016, 19.87, 20.12, 18.78, 18.79
09/09/2016, 18.89, 22.74, 18.72, 22.74
09/12/2016, 15.92, 16.07, 11.61, 11.61
09/13/2016, 13.28, 17.74, 12.53, 17.70
09/14/2016, 17.70, 18.29, 16.40, 17.98
09/15/2016, 18.32, 19.58, 16.15, 16.15
09/16/2016, 16.83, 18.79, 15.54, 16.48
09/19/2016, 19.57, 20.50, 18.61, 19.08
09/20/2016, 19.42, 20.39, 19.40, 19.66
09/21/2016, 20.07, 21.76, 20.07, 20.91
09/22/2016, 21.07, 21.78, 20.53, 20.78
09/23/2016, 21.47, 22.77, 21.47, 21.78
09/26/2016, 24.62, 25.15, 24.60, 24.87
09/27/2016, 24.94, 25.70, 24.55, 24.91
09/28/2016, 25.26, 27.98, 25.16, 27.44
09/29/2016, 27.12, 29.04, 27.12, 27.62
09/30/2016, 27.89, 28.48, 27.46, 27.85
10/03/2016, 29.74, 29.74, 28.23, 28.32
10/04/2016, 28.80, 29.74, 28.80, 29.50
10/05/2016, 29.65, 30.02, 29.43, 29.82
10/06/2016, 30.37, 30.92, 30.26, 30.30
10/07/2016, 30.07, 30.67, 29.72, 29.92
10/10/2016, 31.23, 31.38, 30.84, 30.85
10/11/2016, 31.30, 32.53, 30.87, 32.48
10/12/2016, 32.83, 33.25, 32.65, 32.87
10/13/2016, 33.41, 34.45, 32.82, 32.84
10/14/2016, 32.58, 33.26, 32.16, 32.90
10/17/2016, 35.07, 36.54, 35.07, 35.95
10/18/2016, 35.43, 35.61, 34.88, 35.16
10/19/2016, 35.25, 35.82, 34.92, 35.58
10/20/2016, 35.65, 36.36, 35.28, 35.92
10/21/2016, 35.96, 36.04, 35.04, 35.08
10/24/2016, 35.09, 35.35, 33.62, 33.66
10/25/2016, 33.70, 34.78, 33.70, 34.64
10/26/2016, 34.83, 36.86, 34.76, 36.41
10/27/2016, 35.18, 36.57, 33.28, 33.28
10/28/2016, 24.60, 25.24, 22.56, 23.30
10/31/2016, 24.13, 24.13, 21.94, 22.42
11/01/2016, 22.42, 25.33, 22.38, 24.63
11/02/2016, 24.99, 26.27, 24.17, 25.96
11/03/2016, 25.91, 26.14, 24.96, 25.77
11/04/2016, 26.38, 27.16, 25.30, 26.30
11/07/2016, 26.00, 26.30, 24.06, 24.93
11/08/2016, 24.86, 25.29, 24.05, 24.81
11/09/2016, 26.48, 27.11, 25.03, 25.05
11/10/2016, 24.75, 33.66, 24.74, 28.97
11/11/2016, 29.54, 29.99, 27.94, 27.96
11/14/2016, 28.72, 33.51, 28.72, 31.82
11/15/2016, 31.24, 32.12, 27.78, 27.98
11/16/2016, 28.36, 28.46, 27.49, 27.49
11/17/2016, 27.32, 27.90, 26.74, 27.64
11/18/2016, 27.31, 27.80, 26.44, 26.53
11/21/2016, 25.74, 26.93, 22.39, 22.40
11/22/2016, 22.59, 23.79, 22.37, 23.50
11/23/2016, 23.51, 24.63, 21.71, 23.96
11/25/2016, 24.51, 24.87, 24.25, 24.39
11/28/2016, 25.63, 26.41, 24.55, 25.94
11/29/2016, 26.12, 26.12, 24.97, 25.56
11/30/2016, 25.52, 26.26, 25.09, 25.96
12/01/2016, 25.83, 27.37, 25.83, 27.12
12/02/2016, 27.32, 27.96, 25.89, 25.89
12/05/2016, 26.41, 27.13, 24.80, 24.91
12/06/2016, 24.82, 25.39, 24.07, 24.34
12/07/2016, 24.54, 25.01, 23.96, 24.06
12/08/2016, 21.53, 24.51, 21.53, 23.98
12/09/2016, 23.38, 23.85, 23.32, 23.59
12/12/2016, 16.67, 18.48, 16.40, 18.22
12/13/2016, 18.37, 20.15, 18.04, 19.28
12/14/2016, 18.99, 23.28, 18.83, 22.65
12/15/2016, 22.82, 23.61, 21.94, 22.52
12/16/2016, 22.67, 22.79, 20.43, 20.74
12/19/2016, 22.69, 22.88, 21.26, 21.44
12/20/2016, 21.32, 21.84, 21.30, 21.72
12/21/2016, 21.73, 22.31, 21.73, 21.94
12/22/2016, 22.33, 24.05, 21.91, 23.79
12/23/2016, 24.17, 24.57, 23.78, 23.78
12/27/2016, 23.79, 26.96, 23.79, 26.58
12/28/2016, 26.67, 28.09, 26.44, 27.30
12/29/2016, 27.54, 28.37, 27.53, 27.97
12/30/2016, 28.51, 30.06, 28.49, 29.80
01/03/2017, 31.83, 32.10, 30.17, 30.24
01/04/2017, 30.31, 30.57, 28.66, 28.71
01/05/2017, 28.85, 29.36, 28.82, 29.30
01/06/2017, 29.63, 30.41, 28.94, 28.95
01/09/2017, 30.55, 31.08, 30.41, 30.48
01/10/2017, 30.78, 30.91, 30.19, 30.28
01/11/2017, 28.09, 31.34, 28.09, 30.58
01/12/2017, 30.90, 32.01, 30.88, 31.16
01/13/2017, 31.16, 31.96, 30.24, 30.24
